{"cameraMode":{"drawMode":0,"name":"Shaded","section":"Shading Mode"},"sceneLighting":true,"audioPlay":false,"sceneViewState":{"showFog":true,"showMaterialUpdate":true,"showSkybox":true,"showFlares":true,"showImageEffects":true,"showParticleSystems":true},"in2DMode":false,"pivot":{"x":571.315185546875,"y":567.4104614257813,"z":787.97265625},"rotation":{"x":-0.004809627775102854,"y":-0.0069028520956635479,"z":0.000033774129406083375,"w":-0.9999738335609436},"size":1898.1072998046875,"orthographic":false}